интернету,20
продана,2
езде,1
сгорают,7
ситуации,1
lexus,2
ингосстрах,68
вина,10
сколы,1
комплексная,8
малус,92
вписывать,7
законно,2
купить,807
время,28
нужен,30
заранее,5
выплачивается,3
регионов,5
крк,2
aeolus,1
минусы,2
категории,15
лобовое,1
повредил,3
поставить,55
кадди,2
f,1
езду,7
скрылся,3
организацию,2
подлинность,49
вбить,1
потерпевший,2
заказ,1
юридическое,7
аксае,1
воспользоваться,1
расшифровывается,2
просрочено,1
технический,11
дому,4
определения,2
статья,14
технических,2
безопасности,3
альянс,10
застраховала,1
техническом,4
соренто,4
неправильный,2
особенности,3
страхователь,2
смарт,6
оплата,224
стаж,30
тормозной,1
универсалов,1
въезда,1
запись,493
камаз,9
утере,9
страхуют,2
рыночная,3
старт,1
ставишь,1
происшествия,1
авансового,1
оригинальный,1
бесплатную,1
москвича,1
прекращена,2
цюрих,2
простыми,1
обращаться,3
сканер,5
наступил,1
ваза,2
полисом,3
антикризисное,1
авео,1
проехала,1
восстановить,48
тормозных,1
русфинанс,2
картой,24
резины,2
гелиос,7
двухнедельная,1
fe,2
посчитать,45
прописка,2
одного,2
покупкой,177
ангара,2
состояние,27
первичном,2
автострахованию,3
проблем,3
левую,3
водителя,127
розыск,25
случаев,1
хонда,15
стоить,20
чайки,1
самоходных,4
пикассо,1
грозит,9
практика,6
обследованиеавтомобиля,1
крузер,1
audi,9
физическими,1
справок,12
шевроле,25
территориальный,1
спецтехники,1
противоугонной,1
наступлении,1
автосканеры,4
забыл,4
калькулятор,480
грейт,1
билась,1
гражданское,3
ингострахавто,1
сравни,7
y,1
минимальной,1
wh,1
ингосстрахе,2
колес,3
стекле,4
отдел,13
настоящий,2
номерным,1
добровольная,1
оформлять,13
оригинал,4
документов,83
поддержанного,1
старую,2
такси,21
степень,2
пса,1
зарегистрировано,6
расчет,287
мощностью,12
мрэо,64
стажем,1
официального,2
страхования,115
виновник,3
заложена,2
кредитных,1
ниссан,29
лошадиным,3
лицу,9
каптур,7
госномеру,8
автоваз,1
госуслугах,15
эксплуатации,3
telegram,3
оценки,15
продлить,139
превышение,2
дней,15
талон,55
аренде,2
рендж,1
актион,1
оранта,1
регионе,18
второй,6
зависимости,2
распечатывать,5
купленный,5
стенде,2
перерегистрация,6
каждый,2
налог,65
кбм,62
объемы,3
расходы,4
восстановлении,1
skoda,3
выбор,1
котельниково,1
оформления,20
парковку,145
определение,12
модификацию,1
опель,22
внешнее,1
туарег,1
приставов,32
кубани,1
эмгранд,1
access,3
разъяснения,3
действий,59
осталась,1
фрязино,1
самую,1
скутер,2
город,15
реформа,2
адаптера,1
аварию,2
какую,43
новому,4
зависимость,3
залогов,4
служба,2
тагил,1
застрахованную,1
логан,15
разрешенной,2
платить,28
уралсиб,27
побазе,1
страховой,105
срочно,7
разбито,1
собственников,1
сайт,239
серии,7
грузовиков,1
закончилась,9
платят,2
отличие,1
произвести,1
приоры,2
полиса,121
выплачивать,2
предыдущих,1
оск,2
сельских,1
шины,1
данные,88
лучшие,3
гарант,3
поправочные,1
примерный,2
измеряется,1
регистрационному,12
хозяйка,1
повторное,5
юг,1
гибель,3
характеристик,4
елец,1
кредитного,1
действовать,1
получение,68
кого,15
принадлежащий,1
обладать,1
рей,11
гранту,3
mercedes,10
вид,7
карты,31
выпуска,43
какое,31
крашен,1
ренинс,2
грузовую,1
картинках,1
изменения,42
фрунзенская,1
внедорожник,2
диагностика,237
стажа,19
помесячно,1
повышение,15
автосалонах,2
выдает,3
физического,6
ленд,3
покупателей,1
транспорта,7
осматривать,1
транспортного,144
близко,1
заз,3
арестом,5
первая,11
классы,3
аресты,21
изоляции,1
митсубиси,6
ущерб,17
тнвд,1
бонусы,1
году,178
проблемы,8
введения,1
технические,265
системы,3
зарегистрирован,10
worldwideinsure,1
купил,29
пробеги,2
периодические,1
легковой,7
контакт,1
россию,3
рук,4
полностью,4
цоколь,1
выходные,2
коштує,2
вин,847
сделана,1
инвалиду,1
прав,447
вся,1
продление,68
урал,9
продам,1
фабия,3
бесплатно,662
грузовых,18
коместра,3
приходит,8
пешеход,1
приставы,13
куга,2
дк,5
универсальные,1
малуса,22
дилеров,2
русская,2
сведений,2
газу,1
ущерба,20
метро,8
автостраховку,4
навязывают,1
контроля,2
перекупщика,1
китай,2
техосмотр,36
арестов,10
клиенты,2
оплатой,1
протоколы,1
дополнительное,4
пройти,192
осциллографом,1
недорогую,1
реальную,2
хозяинов,1
ремонту,1
отказали,6
называется,5
автомобиле,44
чайка,1
деваться,1
остановили,3
р4,1
самое,2
апрель,3
п,8
кончилось,1
электронным,1
менее,2
делать,54
языке,3
арестованных,1
bmw,20
обустройство,1
однодневная,1
классу,2
номиру,1
наложения,6
приставами,9
согласие,35
культиватор,1
договора,10
фотографии,3
чей,3
ргс,25
неограниченное,3
легковых,12
услуг,18
дорогам,1
предоставляется,1
grand,1
попадал,1
геополис,1
прайс,1
страховании,32
старого,22
зетта,10
гетц,2
работу,45
инвалидов,9
acura,1
с4,1
отказа,3
обязательно,50
работала,4
свидетельствам,1
автовладельца,4
делфи,1
временная,7
новое,21
отличия,1
забрать,7
поиске,1
продается,1
строитель,1
лобовом,2
техосмотру,4
баск,1
юридической,4
объединение,1
задолженности,20
сибирский,4
железнодорожном,2
экоспорт,1
распил,2
максимальной,2
первое,7
помощью,3
пробивать,2
субботу,4
сравнить,25
газели,1
суббота,2
интач,17
электронную,19
выглядеть,2
считают,2
договору,1
зарегистрироваться,6
ошибки,2
osago,1
нахождение,1
самп,1
документы,261
эксплуатировать,1
продлил,1
автоподбор,1
carfax,1
установление,1
скидки,29
реестре,1
водить,1
сайте,76
характеристикам,16
кодов,3
автотранспорта,3
собственником,1
жизнь,8
научиться,2
елм,1
российского,5
владения,1
версия,1
подавать,1
славянск,1
стоимости,94
складывается,2
дата,28
находится,27
сигнализация,1
крета,3
банка,3
дон,1
дизеля,1
скидке,1
код,70
частями,13
тюнинг,2
бмв,27
проект,2
зависит,18
виновного,1
вступает,3
самостоятельная,1
продано,1
норма,1
аварийный,1
каким,4
другому,1
защита,4
тарифов,4
кредите,10
рапид,2
участие,8
страж,15
оформляется,4
королла,4
здоровье,2
утрата,3
почем,1
ввозимого,1
регистрация,268
загось,1
организации,14
смс,16
восстановление,26
бампер,3
белгосстрах,16
согазе,1
зарегистрировать,154
урегулирования,1
день,7
ао,2
значит,8
киловатт,1
мерива,1
услуга,16
гражданская,1
сотрудником,1
самая,15
просрочен,5
временную,1
крашенный,1
транспортному,10
автострахований,1
поездки,5
поддельные,2
ограничена,1
максимальная,12
рав,5
страхового,18
драйв,1
отсутствии,3
ремонта,9
техосмотра,30
предмет,10
опг,1
закону,1
марта,5
образец,66
китайских,5
рег,1
оформляющие,4
сайты,14
самосвалы,1
фамилию,2
купер,1
всем,14
обозначается,1
старые,8
вольво,11
восстановлению,4
пробеге,1
полную,3
куплю,4
дарение,2
автомагнитола,1
европротокол,2
станция,2
заехала,1
сканером,1
утс,1
nissan,5
идентификационному,1
краски,11
продаже,31
рысь,1
русских,2
катализатор,1
автокаталог,1
купленного,6
истории,41
угнанные,1
среднерыночную,1
рецепты,1
полные,3
очки,1
лада,48
исчисления,1
реального,8
талисман,3
инорс,1
попадала,1
причину,4
случаях,5
сил,1
повреждение,6
действующим,1
трейл,1
марки,6
грузового,27
купля,9
неделю,1
могут,13
двигатель,55
лизингового,5
автоистория,115
страховки,431
помесячная,1
кривой,1
подала,1
экспресс,2
виде,25
водительский,8
мощностном,1
стерх,1
дэу,10
осмотры,2
электронная,93
совершает,9
старый,9
автострахования,70
нивы,1
технич,1
банках,4
числа,3
владелец,22
седан,4
свежие,1
выпуск,2
изменений,26
рулевого,1
добло,1
означает,6
перечень,35
прописке,2
обязательного,6
регистрацию,182
электронной,4
проверок,2
предъявить,4
залога,16
анализ,3
убыточным,1
сумах,1
производства,4
знать,3
альфастрахование,53
дацун,2
ru,8
дату,20
подача,3
двигатели,13
электронного,10
замене,29
альбеа,1
судебным,2
приборы,5
грузовой,18
башня,3
mitsubishi,3
царапины,1
вписывается,1
цены,121
быстрый,1
4а,1
провести,3
дорожный,3
стать,2
китайские,3
рамы,2
литвы,2
линия,3
май,1
способ,1
просроченный,5
а4,2
доставкой,45
наско,13
лиц,23
добровольное,6
ограничении,2
страховщиков,1
котельниках,1
часть,5
узнать,1611
налоговая,3
второго,2
мытищах,1
легковую,1
джили,6
пробег,142
февраль,1
кредитный,1
век,1
япония,1
учете,2
банкам,3
патриот,10
альмеру,1
проходит,7
рено,60
скутера,2
понижение,1
марка,27
х,14
свидетельства,79
автомобилей,384
крашенную,1
страховкой,17
водители,4
срочный,1
приору,1
январь,1
приморский,7
предполагаемая,1
осаг,1
налоговый,1
сто,12
документам,3
парковке,1
среднюю,4
ренессанс,64
консультант,7
ограниченное,1
жигулях,1
граждан,74
дизельных,5
продажу,1
ком,5
санта,3
дополнительно,1
техническим,8
клапанов,1
дороге,1
поддельную,2
купленным,1
приват,1
чья,6
регионы,4
старым,1
база,168
вступление,2
продаю,1
проверяем,1
следить,1
правили,3
сатурн,1
страны,1
взять,37
малолитражки,1
розыска,2
осмотра,34
госдума,1
инфо,2
mazda,2
тинькофф,18
кодинске,1
h,3
л,10
комбинированный,1
квс,1
текст,3
предстраховой,1
судна,1
запретов,4
деньги,8
гранд,3
субару,4
хозяином,1
сделаю,1
gap,1
восстановления,3
необходимо,3
виновника,7
сга,2
renault,5
начисления,1
бекас,5
пересчет,1
убытки,1
заключить,1
путешествий,1
отказаться,3
физическим,5
орест,2
дорожной,4
угнана,2
diamond,1
осмотру,2
лексус,3
срока,26
производителя,11
приобрести,3
шасси,7
обойти,2
налогом,1
лс,1
автоэксперты,1
государственный,1
артемовский,1
ттк,1
альфа,22
карту,11
принцип,1
geely,1
характеристиками,5
измеряют,1
лет,24
модуль,1
человека,28
польская,2
официально,6
авансовых,2
отметка,4
услуги,45
группы,2
расширенная,2
правам,69
ближайшая,2
кросс,6
официальные,4
динамика,1
залоговых,4
случаям,1
недорого,12
гелеос,1
дагестане,1
боевых,3
страхователем,1
подорожает,7
обязательном,3
изготовитель,1
хозяина,41
возить,6
неограниченная,12
ламп,1
кредит,23
разбитая,1
ошибка,8
обременений,3
выплачивают,7
информация,222
защищает,1
карбюратора,1
устройстве,6
сервис,39
адонис,4
еду,1
инвалидам,8
дешевая,15
запрет,96
трассе,1
споры,1
корейских,2
рост,2
бита,2
арендованного,1
надежности,7
знак,3
продал,4
свыше,1
вождение,33
пункт,6
рулевой,1
комплектаций,1
двух,1
закрытая,3
истек,4
причины,8
праворульную,1
свидетельству,41
определяется,3
меган,1
шрузовтк,1
списано,1
новые,104
выгодней,1
числятся,3
авиамоторная,1
краткая,3
требование,1
иванове,1
пмр,5
либерти,1
покупки,39
механиком,1
компаниям,14
данными,1
просрочена,5
круз,1
салоны,1
дорогая,1
железногорск,1
арендованной,2
элементов,1
поиска,2
_,23535
дизель,1
проценты,1
класса,7
повышенный,1
открытая,7
каком,25
понятие,1
автогражданской,2
судебных,27
будут,2
процент,4
ревда,1
собственник,9
доклад,1
налоги,4
значения,1
кодам,1
случая,9
автосервис,4
машин,57
транзит,2
знака,2
начнет,1
техническому,4
рестайл,1
страну,9
перевернулся,1
мицубиси,8
смотреть,11
новый,67
вступит,2
поломок,1
форма,31
цпп,1
tlx,1
моделей,5
аккорд,2
минимальный,9
обременения,6
отмена,4
обд,1
разрешенная,23
военная,1
риску,1
товарной,2
лучшая,1
геленджике,1
скидка,16
километраж,1
вск,110
легковые,3
сначала,1
угона,30
регион,4
жизни,29
греции,1
ставки,2
историю,88
price,1
давление,3
могу,14
владельцев,38
приставом,1
скільки,2
бу,89
месяцам,2
рейтинг,33
обязаны,1
шанс,1
машинам,2
владельца,235
выяснить,1
залогом,1
связной,1
оценочная,1
техническая,16
обращений,2
цен,10
launch,1
грант,1
автоэксперт,46
таблица,4
ездить,39
имя,10
slim,1
автостраховка,7
неиспользованную,1
поставят,2
необходили,1
основная,1
раф,2
заменяет,2
град,1
новая,18
инструкция,10
поправки,18
кроссоверы,2
дизельные,1
умз,1
числится,14
вине,2
вм,1
крит,1
история,77
прицепа,15
мотоцикла,21
заняться,2
берут,1
снизить,3
региональный,1
остается,4
чье,1
окончание,5
дастер,16
покупке,89
тойоту,1
страховку,425
дополнительные,1
универсальная,2
оформлении,6
мая,3
реса,1
спарк,1
эл,3
р288вс178,1
одометра,1
извещение,1
водителей,109
джетта,1
ближайшее,1
рио,11
прохождении,11
нового,100
времени,9
литра,1
альмера,3
применение,2
белая,4
круглосуточно,35
расширения,1
жителей,1
японии,1
сумы,1
интерьер,1
номер,329
калькуляция,1
возраст,7
х50,1
орландо,2
коэффициента,11
обучающий,1
въезде,2
план,1
выходной,4
страховок,8
левый,1
взыскать,1
необходимы,4
повысят,1
фамилия,2
пожар,1
передал,1
изготовление,1
бак,1
независимая,7
разбили,1
исчисляется,1
обязательна,27
акпп,5
solaris,1
застраховать,201
колонок,1
мотоледобура,1
эбу,1
объема,1
реальность,1
бесплатные,6
налогу,3
покупать,5
автомобильный,1
экспертная,2
аппарат,3
силу,6
ремонт,7
франшизой,18
базам,9
линии,5
транспортный,21
повреждений,5
городам,1
кому,16
эни,1
спас,4
ми,3
какова,1
оригинальность,1
добавить,1
действующий,2
форд,40
размер,36
условия,18
аппаратура,1
верховного,2
страховую,14
средству,7
электронном,14
краз,1
комплектацию,67
залоге,24
ингос,1
другом,34
обмана,12
подачи,1
оформил,4
машиной,1
hyundai,5
полюс,9
р,1
статьи,5
уаз,17
свирске,1
текущий,1
требования,15
допов,5
безаварийную,5
каско,1083
утопленник,1
хорошем,1
уплаты,8
удостоверения,645
номерам,13
заплачен,1
использования,6
авария,5
каков,1
кузова,83
корона,1
тест,1
тесты,3
возмещают,1
росгострахавто,9
бонус,93
любых,3
suzuki,1
пробега,41
отмотан,1
филиалы,1
fb25,1
камаза,1
страхование,299
разница,6
транспортно,1
дешевые,1
госуслуг,26
государственного,2
каждому,1
учитывается,1
московских,1
реально,13
постановки,169
действие,13
кредитная,2
битость,3
переписали,1
единая,3
программы,23
пришел,28
тр,1
объединенная,2
выгодные,1
своего,3
вектра,1
легкова,1
основы,1
износ,3
кабинет,9
случаи,8
редакция,5
налога,45
вырастет,1
года,53
орск,3
круглосуточная,5
скрученный,1
страховых,33
реко,1
модели,10
запрета,6
реальным,1
экспертом,2
ветеранов,1
частные,1
застрахованная,1
судебные,12
сборки,3
количества,3
прицепы,2
адаптер,1
ставят,2
ооо,14
закон,57
процедура,16
ктп,2
ока,8
бухоро,1
марке,2
лицо,16
компаний,35
выбрать,12
логана,1
ехать,5
способы,4
грузию,2
застраховаться,1
страховое,5
уплате,5
кашкай,7
спортейдж,8
автомобили,40
создать,1
сельская,2
astra,1
выкуп,1
сандеро,11
плохой,1
премия,1
димитровград,1
разгона,1
сельский,1
оформят,2
продления,11
автостраховки,1
согаз,103
легкового,25
грузовые,1
весту,2
дорожает,1
онлайн,1645
смысл,1
получи,2
русский,1
хозяев,9
шкода,26
делал,1
реальные,2
мк,3
происхождение,1
купле,2
такое,3
получения,74
городе,19
удостоверение,419
шахты,2
госномеров,3
диагностических,1
жаловаться,2
калькуляцию,1
экспертизы,1
рядом,5
происходит,5
право,18
ку,1
фе,4
продажи,39
зарегистрированных,4
наступление,1
продлять,1
возмещение,13
техн,1
правительства,2
страхованию,4
подержанных,1
запреты,12
базы,16
лошадиные,1
оплачивается,1
места,7
вступят,2
описать,2
расстояние,1
автопродажа,1
союз,2
продлевать,2
машинах,6
переходит,1
оформлю,1
профессиональная,1
проводится,1
полису,3
преимущества,3
автосервисе,1
мошенники,1
калина,17
вт,3
обеспечение,1
страховать,20
тоталь,1
арестам,1
знаний,1
урегулирование,3
натуральное,4
скручивали,1
перегнать,7
март,2
e,3
карт,1
перевод,1
сдс,2
стоа,1
коэффициентов,3
покрывает,5
rp,1
характеристике,1
какому,7
j,1
попала,1
компьютера,3
старекс,2
процессе,1
начала,1
fast,1
чапаевск,1
редакции,1
мото,6
польской,1
заключение,19
любого,1
германии,3
различия,1
тихорецк,1
оплаты,90
назначение,3
авто,3013
максимум,1
datsun,1
исчислить,1
запрете,1
автомаркет,1
франшиза,13
клей,1
участников,3
доверенность,31
запчасти,2
процесс,8
полюса,3
дешевую,5
японское,2
финанс,1
пуск,1
незначительные,1
старому,1
конституционный,3
иск,2
сервисы,7
модификации,1
волга,6
наличия,38
почему,56
техосмотре,1
расход,8
тонн,1
отсутствия,1
оформленный,1
какие,193
рассчитать,306
р2,1
страховке,20
квадроцикл,1
оформлен,1
продажей,8
автомобилю,9
оформить,462
обязательства,2
отменят,4
коробка,1
росгосстрах,302
месяц,22
вписанному,5
согласии,1
чистая,2
vin,716
относится,1
учебник,1
yamaha,1
проблема,4
carprice,8
информацию,58
передача,10
сор,2
эвакуация,3
пакеты,1
белорусскую,3
ровер,5
заполнить,3
оборудования,2
платим,1
это,6
реальная,2
электрических,3
приора,14
выйдет,2
снято,1
пробив,1
закона,4
автоисторию,3
сузуки,8
подделать,1
геленджик,1
арестована,8
террано,2
car,1
комплект,4
степени,2
аренда,2
стандарты,1
определить,131
автомата,1
полной,1
выгодная,2
сумма,58
случае,4
очередей,1
компьютерную,2
комплексный,1
сотрудниками,2
проведение,6
норм,1
коэф,3
жены,1
новой,4
200квт,1
аско,16
формулы,1
куплена,2
регистрационных,80
иметь,5
шин,2
мокка,1
заводские,1
заполнение,9
проверка,2116
чтение,2
кредита,2
начинать,1
электронное,61
тата,1
мошенничество,4
круговая,1
диагностической,26
корса,1
виновнику,2
забирают,1
юридических,12
лат,1
рабочую,1
смена,19
приозерске,1
наличии,10
крашеная,1
креты,1
старой,3
лошадиных,1
неправильно,9
vw,6
подменный,1
аббревиатуры,1
ergo,1
пятигорск,1
границу,5
плата,3
росгосстрахе,4
просроченные,1
менять,9
отсутствие,32
стерлитамаке,1
быстро,38
базу,6
динара,3
произведена,2
лица,14
сборку,7
госдуме,1
характеристики,530
скольки,1
другого,20
надежда,21
ам,4
угоне,14
рассмотрение,3
наличие,107
безусловная,3
страховые,65
ланос,4
программу,1
новичка,2
citroen,2
паспорту,4
самосвал,1
сервисами,1
поддельный,2
пролонгировать,4
самостоятельной,3
s,1
возмещает,6
букв,2
перевертыш,1
вписан,7
уменьшить,6
фз,4
гольф,2
владельцу,5
xray,3
мерседеса,3
русском,6
приблизительная,1
застрахован,16
потребляет,1
перенести,2
другие,2
сайтах,1
компьютеру,1
твоя,1
баргузин,1
сериал,2
участника,2
процентов,1
пит,1
полисов,3
установке,1
хэтчбек,1
подешевеет,1
иностранных,13
пожаловаться,5
судебными,9
сервиса,1
должен,19
квт,2
лансер,1
перерегистрации,3
попал,3
сроки,27
подлежит,4
предварительная,34
спортивные,1
расчетный,1
ходовой,5
волги,2
собрана,4
смотанный,1
правил,9
конституционного,1
скидкой,97
torque,1
оквэд,2
водитель,14
диагностике,2
сопротивления,1
почте,6
стекло,5
рог,1
трейд,10
выходных,1
обслуживание,4
газель,14
европейская,2
ин,9
стоп,1
размеры,3
разрешающая,1
автострахованием,2
сведения,29
японскую,4
обратиться,2
выпущена,2
инет,2
киа,48
грузовик,2
бесплатной,1
компрессора,1
гарантия,38
оформление,47
прямое,3
трек,1
популярнее,1
решение,5
тигго,1
просроченным,2
иностранного,13
работоспособность,1
альф,1
регресс,4
сняли,4
тестер,2
полгода,8
данный,1
чужой,9
очередь,85
средняя,11
сервисной,1
виды,20
находиться,2
тарифа,1
тигуан,4
историей,1
ретро,2
проверки,154
доп,4
махинации,1
бизнес,1
акции,3
месяца,16
opel,5
комплектациям,1
отказывают,5
ford,6
реестр,2
чистоты,8
аска,1
езды,2
списания,2
необходиоформить,1
оценщик,1
дпс,9
входит,5
пассат,4
юридически,4
чепецк,1
kia,9
коэффициент,140
битая,4
просроченной,2
ст,3
подбор,6
помощник,1
диагностикой,1
auto,2
скрытые,1
сами,1
прицеп,9
меняли,1
оплату,34
скол,4
газ,17
физических,10
kkl,1
оказывает,1
купли,4
капитал,6
пожара,1
застрахованных,1
примерную,1
специалиста,1
самый,5
д,6
тип,10
просроченную,4
списана,4
3sge,1
вождения,27
возможно,1
зафира,2
страна,1
повышающий,8
расшифровать,4
иномарки,4
пользоваться,2
гарантийный,1
разумное,4
майкоп,1
включает,3
мопеда,1
рос,2
zetta,1
кредитной,1
штрих,3
апреле,3
универсал,2
предложите,1
развивает,5
открыть,3
брокер,3
модель,36
кран,1
салона,3
арестованная,1
расчитать,6
неограниченной,2
поло,8
рассчитывается,12
предъявлять,5
вместе,1
чанган,1
лицам,1
мерседес,18
серове,1
собственника,51
подорожало,3
ская,1
правильность,1
амортизация,2
моржаретто,1
гибдд,2721
мазду,2
снята,5
покрытия,1
фортуна,4
online,5
продленный,1
владельцами,1
тех,17
другим,5
перенос,1
последние,6
транспортная,5
поддельная,1
чулпан,4
фссп,22
показатели,1
поменять,17
башкирии,3
регистрации,506
правильная,2
грузовики,2
общее,2
каких,41
рыночную,2
236м2,1
первой,4
дешево,5
отечественных,2
снят,6
законе,1
card,1
регистрационные,42
переоформил,1
описание,4
honda,4
инсценировка,1
арестован,2
краткосрочная,1
ограничений,40
телематикой,1
работает,4
результат,1
оценку,1
идентификационный,1
страховая,37
равон,7
исправное,1
интернете,10
компании,76
потеря,4
страховым,14
езда,15
действующая,3
продляют,1
i40,1
постановке,34
госномера,5
ограниченная,4
технического,40
азове,1
ограничения,113
разных,8
страховка,618
общая,6
начать,3
начисляется,5
классификация,1
воскресенье,7
вариатор,1
значение,3
комментарии,1
эксперт,4
указан,7
сдать,13
горячая,3
одинцово,15
кончилась,4
аварийности,2
месту,16
аресте,18
пени,2
украину,1
залоговую,1
обременение,8
туарега,1
месяцев,4
деталей,1
краску,4
повреждения,10
наложены,4
премиум,1
подписал,1
номерному,4
современные,1
застрахуй,1
карта,33
справочная,2
покраски,3
советская,2
ездят,1
скрыть,1
первых,2
подноготную,1
ларгус,10
автоэкспертом,1
параметры,3
программное,1
звонить,1
прибор,12
независимый,2
влияет,2
кангу,1
застрахована,6
неустойки,6
эволюшн,1
мощность,81
пдд,223
собственности,3
арест,151
самому,11
подвески,3
ответственность,26
расположение,3
качественная,1
нужно,128
track,1
бесплатная,20
застрахованного,2
москвич,2
украинцев,2
российских,4
первые,1
китае,1
топливо,1
тарифы,20
понижающий,6
tinkoff,2
ассистент,1
ру,19
клиентов,1
укажите,3
переоформлении,5
дсаго,1
кредитные,1
поднятие,1
веста,16
тиго,4
словами,1
проблемные,1
умер,3
посольства,1
премию,1
сервисрезерв,1
неполное,1
расценки,3
первого,12
неисправностей,2
квадроцикла,2
транспорт,3
экологический,12
тагаз,3
каталог,10
низкий,1
соболь,7
распечатать,9
правило,1
продажа,38
отказать,1
автоцивилка,1
автомобиль,736
вписка,1
динамиков,2
лист,3
покрашена,1
дали,2
российская,3
бьют,1
сегодня,4
номеру,1571
википедия,3
авариях,2
обойдется,2
реальный,82
самостоятельно,9
чехия,1
электрооборудовании,1
машины,958
варианты,2
пункты,13
валдай,5
кроме,2
нахождения,2
контрольный,1
вывозе,1
автодок,1
розыске,18
планы,1
праворульных,1
автомобилям,3
сид,3
краснотурьинск,1
знаков,1
литров,1
полисе,2
периода,4
прошла,5
vag,8
универсальный,1
поцарапала,1
возмещения,10
гражданской,1
утечки,1
постановка,335
рыночной,2
проходила,1
технологическая,4
франшизу,2
примеры,2
хоска,5
лачетти,4
новшество,1
претензия,10
правильно,30
залогового,1
махачкале,1
получить,304
компьютерная,21
оформленного,1
аварий,5
списание,5
эксплуатационные,1
второе,1
данного,1
поиск,209
расположен,1
повысить,3
чистоту,18
узнавать,1
новичков,2
лобового,1
поменял,2
сравнительные,1
одновременно,1
полезная,1
вуе,1
выглядит,13
обман,21
мобильного,2
ряд,17
топливная,1
позвонить,2
бонуса,22
витара,3
кара,1
перевертыши,1
сх4,1
предварительный,3
трансмиссии,1
тигр,4
территории,5
сделаем,1
проверять,5
надежный,1
инжектор,1
проверку,4
систем,2
снять,35
помогу,4
покупка,30
помощь,29
наложенное,1
комплектации,60
битый,2
границей,2
делается,4
оценка,153
въезд,1
статистика,1
сравнение,24
подарок,3
vitara,1
диагностическая,19
имущественное,1
экологическому,1
копейка,1
пропиской,1
люди,1
механизмах,1
вреда,1
санкции,3
залоги,1
права,458
правила,122
аббревиатура,2
путин,2
отменить,10
сумму,34
экологического,4
номерных,1
получил,5
публикация,1
астро,2
серию,7
автоистории,2
выплачивает,2
пропадает,2
безаварийной,2
аварийность,1
оптимальное,1
прямой,1
участок,2
фирмы,2
появления,1
установить,2
перевозки,2
машина,220
дизельный,1
регионам,5
мск,3
новичку,2
отвечает,1
г,19
внести,6
онлай,1
брать,4
лкп,1
расширенное,1
ценам,7
записка,1
якорь,1
коэффициенты,24
прописки,20
отчет,4
перегона,4
отказ,14
сделать,123
toyota,4
берется,1
прошивки,1
учета,381
судебная,4
маруся,1
аренды,1
натуральная,2
еаисто,3
вызывали,1
европротоколу,1
грета,8
стекла,2
подорожал,1
также,1
сетелем,6
наложил,2
амулет,1
автомобилях,7
автобот,1
действителен,1
свой,13
подержанный,3
стоит,353
наложено,2
японского,8
санкт,1
е46,1
переселения,1
обязательная,13
характеристику,1
бить,1
бывают,6
лучший,3
фиеста,1
старше,5
поджога,4
диагностики,109
номеров,48
ск,6
е,21
ваг,1
новшества,1
средстве,1
объгэсе,1
радиус,1
мотоцикл,21
показатель,1
зарабатывать,1
возместить,2
тариф,4
независимым,1
вписанным,10
примерная,7
утерянную,1
заявку,4
ладу,3
экономичнее,1
стоянке,2
рабочий,1
премии,4
залогам,1
доплата,2
ограничивающий,1
силы,1
бесплатный,7
поиску,1
значку,1
аварии,65
чип,1
покраска,1
датсун,13
управления,9
картинки,4
жасо,1
облагается,1
водителе,1
сканворд,1
сбор,1
матиз,6
рубежом,1
задачи,1
документа,3
организация,6
отсутствует,8
просроченного,1
смотан,2
обследование,3
ресо,146
подорожание,8
безграничная,1
автомат,2
серато,1
фиат,3
электронно,7
технология,1
оформлено,1
камышин,1
солано,2
а6,2
другую,6
старых,7
год,109
астра,5
портал,32
программа,78
элиста,3
химках,4
агрегатов,1
дополнительного,2
продлении,3
профессиональный,2
проверке,16
взыскание,5
суда,8
жук,1
армеец,2
тундра,1
переоформить,19
поменяли,1
января,15
осмотреть,1
устройство,5
последний,1
зарегистрированы,2
тойоты,1
кузову,14
сервисе,5
угон,58
инн,10
интересная,1
октавия,8
участвовал,1
некст,1
осмотр,81
пролонгация,6
полная,44
ломбарде,1
прицепов,2
коап,14
дополнительный,1
бюро,1
дисков,1
росгосстраха,1
применим,1
числом,6
хавал,1
осного,1
автострахование,277
сколько,537
отказываются,1
базе,242
ситроен,9
заметила,1
запрос,1
битого,5
система,3
безаварийный,1
серийному,1
силам,4
лифан,15
нива,20
выгодно,3
смерть,2
двигателю,2
юридическую,10
предпродажная,3
заканчивается,1
стажу,4
показывает,6
ваз,88
лизинге,4
осаго,3374
новую,11
оплате,19
район,14
действует,31
принятый,1
гос,542
имеет,6
апреля,17
мазда,16
точную,2
тс,507
супер,7
москвы,25
рольф,2
какого,13
определении,1
раньше,2
платежей,2
таврия,2
интернет,316
суммы,11
наложен,11
стерлитамак,1
простая,1
компанию,9
брокером,2
степвей,7
основные,3
страховом,3
объявлений,1
обязателен,7
хищение,1
оборудование,2
энергогарант,13
кордоні,1
оплатить,413
заказать,23
калины,2
вкс,2
тягачи,1
форестер,2
прадо,3
качества,2
автостраховании,3
последствия,12
расчета,32
делают,6
убытков,4
коробки,1
залог,77
обмоток,1
росгострах,1
богдан,1
ауди,20
дополнительная,1
изобильный,1
макс,51
сайтам,1
проверить,1023
юао,13
наложенные,2
змз,1
api,2
возраста,4
случай,17
российский,3
ситуация,1
человеком,2
знаку,9
марок,6
колеса,3
учет,735
детали,1
спринтер,1
формы,17
дает,2
дилера,5
должна,3
федеральном,1
безусловной,1
личные,1
продают,1
евроинс,5
помесячной,1
code,1
плюс,8
износа,15
скорости,2
перерасчет,1
состоянию,5
мощности,29
компенсация,4
дтп,234
табличка,1
мондео,1
подлежащая,2
автозапуском,1
карпрайс,7
районные,1
любой,4
стс,36
классов,1
безаварийности,3
кода,49
внедорожники,1
сравнительная,1
закончилось,2
мини,1
собой,5
оформляют,7
стало,1
2004г,1
x431,1
кредитную,3
н,5
профи,1
тарифам,13
приспособление,1
временной,10
региональные,1
пробегом,29
салоне,8
косгу,3
porsche,1
краской,1
оформляет,6
прошлое,3
скручен,8
задним,6
генеральная,2
недорогая,1
ставится,1
ударил,2
человек,4
легковым,2
цвет,61
копию,2
белорусский,1
компьютерной,6
ошибок,4
невозможно,23
перегон,4
компаниях,8
положение,6
аипс,1
пленум,7
помял,1
пежо,13
транспортном,1
сделано,1
печать,1
презентация,1
баз,1
суд,9
посмотреть,225
средство,6
автовладельцев,2
схема,2
подорожала,2
сохраняется,1
дом,9
неверный,1
рублей,5
примерно,2
личного,33
состояния,35
контакты,2
просроченное,7
акта,2
каска,6
дают,4
вида,1
компенсацию,2
кавалерово,1
доставка,14
росно,19
расширение,1
фото,248
обязательное,8
су,1
сх,5
оки,1
дома,2
образца,33
японский,3
протокол,7
урбан,1
безаварийность,1
автобусы,1
состоянии,7
участия,1
найти,163
просроченная,5
протоколу,1
тесла,10
q5,1
слепцовске,1
ареста,21
осей,1
газа,1
ман,3
форме,9
обязательный,1
закончился,7
итиль,1
франшизы,4
президент,1
бампера,1
бычок,1
диагностику,24
дополнительных,12
потерпевшего,2
часа,3
электронный,160
солярис,15
фокус,9
верховный,1
скидку,10
ноте,2
intouch,3
законы,4
осмотре,4
ограничением,1
нужна,108
вдвое,1
машине,106
ксара,1
иногородних,5
камри,4
центральный,3
цесна,1
цинус,1
green,1
остановил,1
длится,1
транспортных,14
которая,2
перегонять,1
отменили,5
нововведения,1
подсобки,1
максимальный,6
собственнике,6
переоформления,6
сборка,1
расшифровка,40
официальная,6
щербинка,1
луаз,1
муром,1
массой,1
нужны,47
автомобиля,2646
устанавливается,2
росэнерго,12
считается,11
центр,34
масса,30
битых,2
камень,2
машину,969
угнанных,5
прошу,1
резерв,5
количество,24
аринин,1
rover,2
марку,22
соул,2
касли,1
просто,1
трех,2
диагностический,2
кузов,3
вопросы,3
договор,15
ухта,1
подставить,1
пробити,2
датцу,1
частными,1
мегарусс,1
сказка,1
группа,4
ехал,1
российское,4
оформляете,1
потерпевшему,1
тотал,2
региона,5
схемы,2
переписать,3
заключается,1
икс,3
прицепом,3
части,6
подержанного,13
коду,546
хундай,8
расторжение,9
largo,1
государственное,2
владельцах,2
автомобилем,15
фольксваген,30
фронтера,1
перевести,1
разбил,4
цвета,4
меньше,6
мгновенно,1
повреждении,1
технологический,1
ros,1
дилер,1
владельцы,4
reso,1
черри,6
мае,1
хендай,36
просрочил,5
модельный,17
поездкой,1
frame,1
акцент,3
возрасту,2
участвовала,2
com,3
битое,3
приставам,3
биты,1
приняли,3
volkswagen,12
регистрационный,7
потребителей,1
переделать,4
личный,26
урала,1
рынок,2
точный,1
полный,1
реквизиты,49
маркам,3
поврежденному,1
пересчитать,2
задолженность,57
сервисную,1
окраски,1
страхованием,1
подлинности,6
полное,9
владельце,14
надежность,1
инстаграм,1
торрент,5
самоходной,6
проведения,2
фамилии,17
ценами,2
стоят,1
ввели,2
проверенные,2
продала,1
стоимость,345
сама,1
дешевый,2
расширить,1
химки,6
подать,3
массы,3
срок,167
прагматик,1
автосканер,6
переоформление,23
доверенности,12
разбита,1
объем,111
прошивка,1
зета,2
сезонности,1
денег,3
диагностирование,2
ограничениях,1
данным,11
срочная,2
потеряна,2
местность,1
м,15
развод,2
т,3
наложении,3
класс,51
банке,15
третьими,1
копия,7
volvo,5
новым,18
маз,8
заставляют,5
сделал,2
подушек,1
внесение,17
автомашины,5
натуральной,1
сэкономить,2
стенды,1
автостраховщиков,1
информации,14
новых,5
порядок,86
bsl,1
крайслер,1
мощностей,2
арестованного,1
имеют,1
водительское,400
собиралась,2
регистрационным,1
покрытие,3
калининский,2
1ар,1
избежать,2
ответственности,6
повысится,1
характеристика,200
land,2
перекупа,1
azera,1
расчете,3
принадлежит,13
большой,1
участковый,1
истинный,1
понизить,4
плюсы,2
обязательным,1
б,18
аутлендер,2
динамическая,1
считать,6
продать,17
заключения,5
югория,29
диагностическую,9
регистрацией,1
расторгнуть,4
лошадей,3
транспортное,6
оформлена,2
юр,17
ямз,3
просрочка,4
десятку,2
балаково,4
пропал,2
двигателей,6
kz,1
зафиксировано,1
буквой,1
кит,1
общие,8
смайли,1
зарегистрирована,5
скорость,3
печатью,1
иногородним,1
двигателя,242
ограничение,33
номера,96
инициатора,1
акцепт,1
круглосуточное,5
потерял,25
обслуживания,3
единицах,2
список,34
южураласко,10
поцарапали,4
пьяный,2
заполнять,1
снега,1
необходимые,30
реклама,4
подготовка,1
вину,220
повреждениями,2
кмб,3
германия,3
зеленая,7
поцарапал,5
техническое,27
с3,1
ищу,1
действиям,1
проминстрах,2
ховер,7
условная,1
данных,160
выгодное,2
пробить,821
госстрах,4
оценке,3
юридическая,3
инфинити,1
мо,1
полис,659
элантра,1
компания,35
почту,3
повышающие,2
йети,3
создания,1
объявления,1
дилеры,1
смотрим,1
очереди,22
автоэксперта,4
гранта,9
техническими,2
комплектация,60
лады,1
зил,6
регистрационного,15
kmhbv51hp4v192904,1
срв,2
досудебная,1
пиканто,1
вины,4
автосалоне,10
вписанного,2
нексия,8
оформлял,2
снятие,208
вс,4
цена,278
2ct,1
получается,9
проводов,1
самые,1
найденных,1
оператор,2
бывших,1
топлива,5
дворе,8
вписания,3
формула,25
электрооборудования,3
транзитную,1
платит,2
досмотр,2
оформили,1
динары,1
управление,27
армавир,1
месяце,1
период,11
продавца,3
внешний,1
smart,1
комплексное,1
окончания,10
стекол,1
государству,1
спектра,1
риски,4
прохождение,48
скоринга,1
состоянием,1
рассрочку,11
чери,7
средства,113
действия,96
мобильная,1
проходить,68
лицами,4
вол,1
арутюнян,1
камеры,28
карте,8
знакам,1
астроволга,1
югории,5
средств,18
дилерские,1
пример,13
платежа,2
м2,1
свидетельство,39
полисы,5
тойота,32
лифтбек,1
поменялись,1
каток,1
цену,20
покупателя,2
производитель,2
имущественного,1
новом,4
водительского,632
уходит,1
заплатить,68
очередную,1
отслеживание,2
ночью,1
камере,1
овд,1
пин,1
прописку,1
штрафе,33
паркинг,6
красносельском,1
госпошлина,97
автоприцеп,1
средст,1
автомобильные,1
двойном,2
просрочки,1
водительских,173
постал,1
ударили,1
границе,1
квитанций,1
рустам,1
пгт,1
место,4
крутицкая,1
коми,1
искать,4
просрочку,3
артем,2
врачей,62
лишения,166
вписанный,1
взрослая,1
осужденный,2
виду,1
детей,1
мфц,17
выписывает,5
буквы,2
суды,1
пяловская,1
платно,1
фотоматериалами,1
железнодорожный,1
qiwi,1
пддмастер,1
электромонтеров,1
график,18
шоферской,5
уплаченного,1
иностранные,1
комплексы,4
замены,103
ий,1
фотофиксация,8
начальник,1
вывоза,1
госавтоинспекции,1
обратно,1
платные,7
наркодиспансер,2
удалось,1
непристегнутый,2
холмистая,1
требуются,1
отключить,1
истечении,10
самодельного,1
остановка,1
наличий,1
мира,1
расковой,13
трейдинга,1
письоб,1
завершилась,4
письо,1
декабристов,1
июля,4
барановичах,1
медсправок,1
зрением,1
комиссию,36
неуплату,40
знаком,2
утерянного,3
заявка,5
правонарушениям,1
государственных,5
сверку,2
медкнижку,2
оплаченным,1
услугу,1
сплошной,1
подлежащие,1
правонарушения,11
дубликата,5
автоматическая,1
ампп,5
раму,1
влияют,1
платной,2
предрейсовые,1
замена,119
платежи,1
военную,1
действительно,6
обязанность,1
реквизитов,1
недействительна,1
предварительно,2
доступа,1
тбилисской,1
дубликаты,1
шоферскую,1
правонарушению,4
недвижимого,1
соцстраха,1
обморок,1
психолог,2
оплаченные,43
легковом,1
мрт,2
плохо,1
пересдача,5
увеличение,3
админ,3
пошлина,28
движении,1
женщин,2
потеряла,2
павловск,1
смену,6
уменьшение,3
верамед,2
вызывают,1
прямая,1
приема,39
фрунзенского,2
поликлиниках,2
шоферская,1
осмотров,2
комиссий,5
увеличилась,1
меняется,2
ул,3
поликлинику,2
крылатском,1
здоровью,1
поликлинике,28
идентификатору,1
увеличить,2
братиславской,1
отделы,2
психологом,1
вписали,1
украине,1
показывать,1
указ,1
подешевле,1
юрлицо,1
выдачи,37
водителях,1
должно,1
пгу,8
доктор,1
легальность,3
глухонемой,1
неоплатившие,1
лицом,42
заявлений,1
наркологический,5
первичная,2
центра,1
посадку,1
беларусь,3
оплаченный,17
написан,4
руки,1
телефонов,1
распитие,2
проданный,1
перепродать,1
устройства,3
талдыкорган,1
медэксперт,1
бирюлево,1
конструкции,7
райффайзен,1
гибддзапись,1
поделка,1
алименты,1
газовым,1
уплатить,2
революции,3
автозаводской,1
070у,1
оплаченного,5
государственная,5
хозяин,1
заблокирована,1
просвещения,2
гаи,150
моих,2
работодателем,1
удостоверени,1
специалисты,1
иностранное,3
назначенный,1
гис,11
оплачиваются,4
тмх,1
приеме,7
административный,83
отделении,1
медицинское,6
истечению,2
госавтоинспекция,1
наджи,1
героев,1
неоплаченная,3
уплатил,1
билеты,5
неуплата,48
паспорте,1
идут,1
московские,1
российской,1
номерами,4
белорусская,2
елочкой,1
привлечен,1
прием,61
внесли,1
приходят,11
нагатинская,1
адмиралтейский,1
киви,3
диспансеры,1
переутомленном,1
течение,4
водительской,140
фсс,1
водителем,6
видеокамер,1
которые,1
добромед,1
квартире,1
имеющего,1
снятии,34
особые,2
оплатите,2
клиника,2
учебное,1
утилизированном,3
поставка,2
пнд,2
территория,1
пошлину,1
кубяка,1
экзамены,4
операции,5
учреждений,1
работе,1
больнице,1
утилизировать,24
железнодорожная,1
боровая,1
лишенных,3
дти,1
задержать,3
окопф,1
удостоверением,5
ского,1
смене,15
пышма,1
басманная,1
балашихе,1
личности,12
кбк,9
визуально,4
рыбнадзора,1
поставах,1
приняты,1
возле,1
имущество,1
приказа,2
мои,13
объекта,1
реквизитам,1
автомашина,1
придет,2
мытищи,12
административному,4
озелененной,1
невыполнения,1
флюорография,2
путина,1
гбо,3
экзамен,91
области,9
фотовидеофиксация,3
фотографиями,2
постановлении,3
поставлено,1
выписано,2
счетчиков,1
мототрэр,2
прошел,6
выписан,7
большие,1
бесплтано,1
отпуска,1
подписывать,1
удорожание,2
посад,2
прохождения,116
оплачены,6
поставку,1
шоссе,6
внесения,1
кстово,1
платную,12
расходов,1
безопасный,1
измайлово,1
штрафах,62
онегомед,1
юридические,1
годна,4
бассейн,1
исполнения,1
цао,1
правовые,1
у,4
результатам,1
тысяч,1
две,1
надзора,1
верхняя,1
решений,1
предрейсовых,2
огибдд,1
интернета,1
проезд,2
недвижимости,3
минздрав,1
кончился,1
гс,2
утилизированного,4
серия,20
мужчины,1
половины,6
пациента,1
в,4
сохранить,2
неправильное,1
проезжей,3
массу,3
нетрезвом,8
претензии,1
лишить,1
украли,3
педагогическая,1
оплатити,1
водителями,3
имеющий,1
возрастные,1
уплаченные,4
перевозка,1
объяснительная,1
работа,1
прислать,1
ц,1
неправомерные,1
суток,3
оплаченных,22
счета,1
переход,3
административных,31
моспаркинг,2
травмпункт,3
имени,7
пробивают,2
предпринимателя,1
платите,1
заменить,4
раменская,1
чужих,1
платежек,1
перерегистрацию,3
ранее,6
неуплате,2
объемом,1
а3,2
административное,26
глава,1
убрать,3
величина,1
теоретический,6
экзамена,30
описанием,2
владельцем,1
поздно,1
присутствии,2
медсправка,159
законодательства,1
плакат,1
пассажира,1
административные,30
диспансеров,3
отделения,3
дейтсвительно,1
гашека,1
пристегнут,1
проданного,3
карточку,1
пересдать,2
индефикационному,1
мосрег,1
вход,1
работодателя,1
телефона,2
вднх,1
соответствует,4
долги,14
перекрестке,1
законам,1
потеряно,1
последовательность,1
пробиваются,1
врач,3
коммерческая,3
оплатили,2
мастер,1
автоградбанк,2
граница,1
оказываемые,1
видеофиксация,19
мос,4
банкомат,6
самодельное,2
юности,1
застраховано,1
улица,4
возмещении,1
расписание,6
декс,1
бутово,12
совпадает,7
лянтор,1
живая,6
переделку,2
истечение,2
автомобилиста,1
указывается,4
кошелек,1
производство,1
приморскому,1
вродительское,1
уведомление,7
сергиев,2
ву,36
периодичность,4
административная,12
проще,1
который,1
приемная,12
казани,1
алтуфьево,2
разметке,1
работаю,2
танмед,1
ступино,1
лен,1
пространство,2
утратой,4
офтальмолог,1
суброгации,1
действительна,15
взятую,1
досрочно,13
карточки,1
лишают,4
своих,4
минасович,1
сохранения,1
деятельности,6
гибддпостановка,1
успел,2
сай,1
водителям,8
льготная,3
потеряли,4
здоровья,1
посадили,4
неоплачивать,1
выполняется,2
утверждении,1
информацией,1
внесу,1
помят,1
дешевле,4
отчеству,2
штрафу,3
города,4
графика,1
лишении,23
бомж,1
предварительными,1
половина,7
алматы,2
правзапись,1
юридическому,1
тротуаре,4
профессионала,1
дворах,1
институт,1
каспи,1
повторный,5
статус,1
профсоюзная,1
храма,1
переносной,1
годность,1
счет,1
штрафо,5
международные,2
государственные,2
бланки,7
подтверждением,2
утеряно,4
автомобильная,2
подразделения,19
статью,1
висят,4
ресурс,2
раменском,1
медицинском,3
руб,2
видеоматериала,2
госслужбы,1
подписка,1
подразделений,5
уплачен,8
органах,1
возврат,5
иностранным,3
нами,1
подразделение,6
этапы,1
автошколы,2
вписать,11
образцы,2
варшавская,3
призывно,1
сменить,3
обводный,3
академия,1
телефоны,1
окулист,1
освидетельствовании,1
рождения,6
месте,11
марины,3
отдают,1
проданной,1
снилс,2
обмене,2
братиславская,1
предпринимательской,1
колледжа,2
сменил,1
адреса,68
maestro,1
обменять,1
окончанием,3
лишили,6
административном,14
пед,1
меда,2
каланчевская,3
экзаменационные,4
асц,1
комиссия,220
центре,4
зарегистрируют,1
ходе,1
лимит,1
письв,1
конструктор,1
3н,9
переулок,3
нагатинской,1
индивидуального,1
комисии,1
водительская,528
предписанию,1
действующее,2
карточка,5
медицинских,6
втб,1
взысканию,3
парковка,51
подробности,3
оплачивать,44
талона,3
великие,1
представить,1
акш,1
запрещающего,1
хмао,1
замену,56
ерип,1
белорусского,1
антикайнена,1
гражданина,10
жилой,1
камерой,1
утерян,4
наименование,2
ш,1
соран,1
минимального,1
жительство,1
рукописная,1
неправильную,15
одним,1
достать,1
международное,4
ато,1
измайловского,1
осуществление,1
октмо,2
архив,3
заполненное,1
оплатит,2
внесена,1
пространства,3
штрафы,963
остановке,1
плохим,1
мтс,3
обл,3
неправомерный,1
прицепное,2
исправления,1
оплативших,1
несвоевременную,6
приемной,1
-,8
записать,3
арестовать,3
обязан,3
адресу,1
российские,1
встать,7
gosuslugi,1
импульс,1
операция,1
дни,9
оплаченную,4
выписанные,1
является,8
обмен,28
центурия,1
подключить,2
выданный,1
опасное,4
плачу,1
контрактный,1
утилизированный,8
сети,1
неоплаченные,97
утерянное,2
районную,1
необходидля,4
врачи,45
услугам,1
алгоритм,2
хранения,2
психиатра,9
исполнительного,2
московской,11
выдают,2
результаты,1
предоставляемые,2
пилютова,1
почитать,1
эффективность,1
талончик,8
государственной,8
снижение,3
оказания,1
править,1
тонировку,2
медицинской,58
повышенным,1
ходу,1
вступило,1
хочу,1
поликлиники,4
выдача,10
гибддшники,2
юридическим,29
требуется,11
военной,1
умершего,1
исполнительное,1
медкомиссии,258
ло,1
делаю,2
последней,4
дубликат,10
поступлении,1
передвижная,1
медицинская,127
тахограф,1
квитанции,50
поступлений,1
предыдущего,4
пошагово,1
взыскателю,1
новомихалковский,1
мозга,13
вынесены,1
фотофиксацией,12
подтверждающий,1
нахимовское,1
отменил,1
ээг,12
кбр,2
регламент,3
сдачу,21
нарколог,10
военкомат,1
двойники,1
фотография,5
уникальный,1
долг,3
годности,22
неуплаченных,27
электроэнцефалограмма,34
промышленная,2
лишению,5
действительности,3
преимущественного,1
уплаченных,8
ппс,1
давлением,1
электронные,3
администрации,2
теория,1
диспансер,7
угнали,3
отсрочка,2
часы,10
правонарушении,12
гост,2
готовые,1
давности,8
врачебные,1
водительским,4
опозданием,3
транспортную,1
учреждении,1
сроков,5
комиссии,110
поликлиника,41
документ,2
кописная,1
предприятий,1
кронштадт,1
предоставление,1
льготные,1
прежнего,1
выписанных,1
акция,1
автомототранспортного,9
жену,2
пушкинская,1
водит,3
дело,1
медицинского,6
ксерокопия,1
сбербанке,11
осмотром,1
теории,6
теорию,6
собственнику,1
вместо,1
поручение,4
установленные,1
национального,1
снизим,1
купленная,1
црб,5
предварительную,2
сигнальный,2
989н,1
вао,11
оповещение,3
неположенном,5
реквизит,1
автошкола,3
медсправку,27
выписка,1
маршрут,1
погасить,2
малиновка,2
поступления,2
мгновенная,1
утерю,2
временного,1
административного,61
уведомления,6
запрещенных,1
ходатайство,1
выполняет,1
мной,1
несовершеннолетнего,6
электроэнцефалограмму,6
основания,3
отделение,2
первый,2
управлении,2
стукнул,2
русские,2
утраченное,1
временные,1
нарушения,66
запрещена,4
угнал,1
знаки,1
пра,4
обгон,1
потерянное,1
социалистического,1
воркутинской,1
гмп,10
отметки,2
утиль,2
оплачено,1
получила,1
лишенцу,1
обмена,22
московского,3
продавцом,1
зебре,1
старое,1
профессиональных,1
лишен,5
паспорта,22
интернационала,1
акту,4
разрешенную,2
медведково,3
горячей,1
водителю,15
состоится,2
степана,1
автомототранспортных,7
постановлений,3
волков,2
нарушил,3
ремень,2
крисанова,2
омона,1
сон,1
подпись,2
формат,2
вернуть,36
перебитого,1
мобильные,1
полтавская,1
медкнижка,1
предварительной,3
спросить,1
крови,1
оф,3
штрафам,50
колько,1
записи,25
мигрант,1
удалить,7
крылатское,2
поликарпова,2
поменяют,2
предприятии,1
отрадное,3
пол,1
внутренний,1
егов,1
посадить,3
другое,3
стукнули,1
смерти,2
проходится,1
получите,1
состав,3
банкомате,1
час,2
таганская,1
подтверждение,3
зоне,2
иностранному,3
портала,1
диспансера,9
даты,5
несовершеннолетнему,1
ип,14
пребывания,3
мади,39
водительскому,149
администратор,3
ключ,2
арзуманян,1
инициативе,2
зарегистрированные,2
луки,1
погашение,2
аиус,2
заменой,4
физлицо,1
бехтерев,3
взамен,1
номеу,1
разметки,1
дорожная,16
занять,7
комсомольск,1
гагарина,1
ч,4
кадров,1
дкп,2
оплатил,38
автоматическое,2
потерянный,1
платежка,2
инфантильное,1
исковые,1
нарколога,11
проверяет,1
шипы,1
снятием,2
долгов,3
указывать,1
невозможна,1
выборг,2
обжалуется,1
пройдет,1
сохранением,5
пражно,1
дате,8
сгорает,1
кондукторов,1
волоколамская,1
карман,1
перебитые,1
психоневрологического,5
инспекция,16
извещению,1
нарушении,3
наказание,22
втором,1
вопросам,14
стертый,1
провел,3
имею,1
несоответствие,1
вождении,1
неоплаченые,1
международный,3
руководители,1
выписанный,1
площадки,1
медсанчасть,1
постановления,206
должностное,1
вождению,9
варшавское,4
потерян,4
вирус,1
bcde,1
оплачивает,7
кз,2
изменение,45
недвижимое,1
утеряна,3
дальше,2
выборгского,1
жительства,5
повторно,4
штрафов,756
перерве,2
копии,2
qr,1
указали,1
передвижной,1
моложе,1
наркодиспансера,1
анализами,1
юрлицом,2
зоны,1
психиатром,16
сигнальном,1
истечения,1
числе,1
имущества,1
справка,316
рабочая,1
пошлин,1
наркозе,1
врача,1
отказано,1
телефону,6
гуобдд,1
тюм,1
пройду,2
психоневрологический,2
нечем,1
утилизирующие,1
найдено,2
правах,12
неправильная,3
бронницы,1
egov,1
медси,1
записываться,3
медицинские,14
тараз,1
исполнителя,1
мосп,1
административным,4
незарегистрированное,2
посещения,1
выписали,1
инвалид,2
охранной,1
инвалидном,2
снятых,1
прекращения,28
квитанция,57
придомовой,1
непогашенные,1
медцентр,1
непредоставление,2
сдача,19
квитанцию,23
двухлетней,1
медсправки,33
соглашением,1
оплачена,1
выбраковка,1
аннулировать,1
сдачи,7
дорожно,2
конструкцию,4
снятия,127
утилизацию,22
действительному,1
росреестр,2
калининского,1
взысканий,1
гражданином,2
тихвин,3
управлению,1
санас,1
прокурор,1
баллада,1
часто,8
профпатолог,1
книга,1
одном,1
местах,1
утери,1
удостоверении,14
кодекс,5
увидеть,2
заправке,1
проданную,1
наркологического,3
паркон,1
академического,2
минздрава,4
московский,6
visa,1
роспись,1
получать,8
московская,17
пришло,3
свидетельстве,5
живоначальной,1
фотографией,11
сбербанка,10
справку,254
наследству,1
электроэнцефалограммы,9
написать,2
центры,2
правонарушениях,1
приостановка,1
лишенным,2
самоходную,1
ясногорске,1
отрадном,2
позднее,1
передвижные,2
фотовидеофиксации,11
выписывается,1
зрение,4
пьяное,1
предварительного,2
жно,1
юрлица,1
записался,1
путевки,1
наркологическом,2
проходят,20
изменении,1
митино,2
экзаменационное,1
постановление,76
залоговый,1
круглосуточные,2
пульс,1
ярпортал,1
аннулируются,1
паспорт,24
люблино,1
просмотр,1
череповце,1
отказался,1
оказание,1
противопоказаниями,1
вписание,1
несколько,1
вынесения,1
нетрезвое,2
приостановление,3
ржд,1
ограниченный,1
инспекции,5
угнанного,2
получал,1
внуково,1
свердл,1
освидетельствования,4
неоплаченными,3
чек,2
суброгация,3
постановку,104
медицинскую,114
предоставлена,1
пассажир,1
зрению,2
узнает,1
одной,1
руководителем,4
возрастное,1
местом,1
автошколу,2
средством,2
справке,1
дням,1
гае,1
предупреждение,3
штрафстоянке,1
прекращение,83
минимальная,1
режим,13
талоны,5
парковочное,2
замен,1
тарамед,1
власти,1
вуз,1
парковки,22
кем,2
свао,13
марии,1
книжку,4
водный,1
переоформляет,1
старыми,1
документу,1
обращениям,1
заполнения,11
незаконное,1
неоплату,1
нету,1
краснодонская,1
прошло,2
фрунзенский,3
противопоказания,4
сбербанк,38
записаться,176
сернурское,1
двойного,1
мед,363
рэо,10
женщинам,1
городская,9
аллея,1
банковскую,1
платная,9
заполненный,1
исчезают,1
журнал,8
видеофиксатор,1
площадку,2
беговая,1
поставил,1
заявления,39
гбдд,1
отмене,4
ребенка,3
установка,1
постышева,1
уплата,1
справки,161
прова,1
неисправного,3
утилизация,19
вторым,2
заплатил,4
преображенская,1
поликлиник,1
книжки,1
уин,36
неуплаты,4
психдиспансер,4
штрафами,4
задает,1
большевиков,1
платежное,4
запрещен,1
медкомиссий,13
взыскания,1
телефон,34
делу,3
проверяют,4
прохожу,1
гражданский,2
цодд,3
допуске,1
головы,2
рощупкина,1
дошел,1
назначении,1
личное,1
погашен,2
квитанцией,1
психиатр,12
подробная,3
готовая,1
утилизированных,1
блей,1
правилам,3
проблемного,1
получен,2
меняются,1
бланков,1
банки,1
банковские,2
егор,1
стоянку,1
вод,12
проспект,2
восточное,1
гибддзаписаться,1
канал,1
терминал,5
личным,14
медосмотра,1
фиксации,2
выпустят,1
льготы,5
предоставить,1
регистрационное,4
стадион,1
половину,21
имеются,2
указана,5
банковской,14
центральная,3
несвоевременная,2
170д,1
снятый,3
выдающие,1
причина,6
учебного,1
удостоверению,130
сна,1
снятую,1
третье,2
снятого,3
приказ,22
специализированные,1
псих,1
выдаче,1
занимает,1
фотофиксации,10
бланк,80
инвалида,2
самодельный,2
нашел,2
сдавать,9
домодедово,3
программе,4
кчр,1
пакет,8
windows,1
гусарская,1
нарушению,1
вынесенный,1
свободной,2
людей,1
стр,1
ввести,4
медкомиссию,267
работник,1
долга,1
девяткино,1
запорожье,1
пьянки,1
общей,2
оплачен,18
кактегории,1
сирена,2
страховщики,2
категория,4
необходима,1
троицы,1
фотофиксацию,1
единый,2
административно,1
свои,19
национальное,2
смотрят,1
сковском,2
судом,1
посещение,1
выдачу,7
зеленой,1
территориальное,1
адм,4
истекает,1
сменой,4
отметку,1
инструктор,1
косино,1
портале,5
проверит,1
пьяном,1
финляндии,1
аварийного,1
визы,1
евромеде,1
временное,6
охранника,2
парковочного,3
генеральной,1
прейскурант,1
принудительное,2
ур,1
ставить,1
оплати,1
гсу,1
беловский,1
выдано,7
попасть,1
неоплата,2
белорусской,1
исправить,3
предъявляемые,1
варшавке,1
арсенал,1
наркологом,22
гостехнадзоре,1
правацены,1
мотоцикле,1
задолженностей,3
позже,2
правонарушение,17
хлебозаводская,1
происшествиях,1
анализы,9
международного,3
приостановить,1
выставлен,1
получит,1
неуплаченный,1
распространяется,1
врачу,2
отложено,1
маршруты,1
гку,4
смены,5
типа,1
влечет,5
камер,21
приходил,1
выдается,10
профессионалу,1
исполнение,1
95б,1
исполнительному,5
германию,1
течении,4
приоритета,1
дается,7
меняют,2
водительскую,114
доверенностей,1
таврическое,1
рисунки,1
утилизирован,2
должны,1
бюджетной,1
новопеределкино,1
мегафон,1
зарегистрированного,2
противопоказаний,1
энцефалограмма,1
нереализованная,1
адрес,15
зверинца,1
городской,1
оао,1
проезде,1
видеонаблюдения,1
исковая,1
повторные,2
статье,1
организовать,1
билайн,1
штраф,1000
потерю,1
епгу,1
входят,6
утраченного,1
бехтерева,6
досрочное,5
сроку,1
краю,1
пересечение,1
красносельской,1
разина,1
платежом,1
факта,1
проводника,1
медицинский,9
сайтов,1
колпино,1
автодор,1
направление,2
воды,1
кровь,1
скачать,16
заявление,105
одинцовского,1
центрального,1
подразделениях,1
нечитаемый,4
появляется,2
фотографию,2
вовремя,10
правонарушений,2
перепродажа,2
прекращении,28
площадь,1
ссп,1
водительском,10
моего,1
снятое,1
утилизируют,1
головного,12
личном,5
размере,5
муж,1
временный,2
неоплаченную,14
бордюре,1
требует,1
оштрафовали,1
обязать,1
штрафа,479
юридического,2
прислали,5
платеж,1
оплатив,2
видеофиксации,16
купленное,1
истре,1
неоказание,2
пьянку,17
ночное,2
курение,1
статьям,1
неоплаченных,38
неоплаченным,3
октября,2
проходя,1
стоматолог,1
прекратить,4
херсон,1
постановлению,107
экзаменационно,1
праворульного,1
диспансере,2
написано,2
льготной,2
работы,44
повторная,3
орган,1
нарушение,135
автомобильных,2
рейс,1
волосово,1
действительность,10
талонов,3
махачкала,1
должностными,2
вернут,3
птс,170
квр,1
сходится,1
подписывает,1
пересдачи,2
круглосуточной,1
камерам,1
находка,1
медосмотр,3
должностных,1
убираются,1
осуществляет,1
авиценна,1
платное,1
истра,1
оплатила,2
счастья,1
ошибкой,4
коды,3
основание,1
посланников,1
училище,1
удостоверениу,1
утилизации,26
пеня,3
санитарную,3
практический,1
учетных,1
полиции,1
лизинга,1
расположения,1
наложение,9
умное,1
вводить,3
льготный,3
комплекс,1
водительские,130
законность,1
сухарная,1
времен,2
номере,1
показать,4
трещина,1
ритмы,1
уведомлению,1
района,7
связи,23
билет,2
shtrafi,1
переоборудования,2
давность,2
пражская,1
отследить,2
студентов,1
районе,3
назначен,1
написана,1
банк,8
удаление,1
закончились,1
пошаговая,3
перерегистрировать,2
неисполнение,1
удостоверенеи,1
экзаменов,6
фотка,1
нарушители,1
иин,2
бланка,3
активация,1
праве,1
газовое,1
адыгеи,1
большая,1
корпус,1
двигателем,3
привлечение,1
гатчина,1
физ,1
администрация,1
тинао,1
настроить,2
отображается,1
категорий,1
некрасова,1
привлеченным,1
сразу,2
ряду,1
усыновления,1
частично,1
монастырская,4
войковская,1
аккумулятор,2
опеку,1
ространснадзора,1
автобуса,1
административной,5
остаются,1
личному,1
нужные,3
подробным,1
госпошлину,8
латинские,2
лишение,152
натурой,1
журнала,1
тнрэр,2
получении,10
ваш,1
удостоверений,23
видео,12
варшавском,1
начальнику,2
теоретического,2
тушино,2
производству,5
гибддэлектронная,1
используется,1
утеря,9
максимальную,2
военкомате,1
нарушений,27
талончики,1
школу,1
бывшие,1
тюнингованного,1
кузнецова,1
наследнику,1
оборудованием,1
медкомиссия,484
снимать,1
водников,1
пересдачу,15
читаемый,2
ставит,1
расстройство,1
письма,2
й,1
изменить,9
повторную,1
оплаченной,1
талонам,1
транспортным,4
пошлины,6
проходим,2
вопросу,1
установлены,1
неоплачена,1
неоплаченный,20
пишется,2
старая,1
полученная,1
госпошлины,40
ткачиха,1
снг,1
несовершеннолетним,2
установленный,5
купленную,1
видеофиксацию,1
терминале,2
